"name","title","author","year","abstract","cite","type","studies","url","doi","soepcore","soepis","soepbase","soeppre","study"
11451,"SOEP-Metafile.do – a Stata Do-file to Generate a Metafile for the SOEP Data Files","Klaudia Erhardt",2018,,"Klaudia Erhardt. 2018: SOEP-Metafile.do – a Stata Do-file to Generate a Metafile for the SOEP Data Files. SOEP Survey Papers 561: Series G - General Issues and Teaching Materials. Berlin: DIW Berlin / SOEP","35 Other DIW Publication","SOEP-Core, IAB-SOEP Migration Sample","http://www.diw.de/documents/publikationen/73/diw_01.c.600626.de/diw_ssp0561.pdf",,TRUE,FALSE,FALSE,FALSE,"iab-soep"
11481,"Wegweiser zur Datenanalyse der IAB-SOEP Migrationsstichprobe (M1-M2) und der IAB-BAMF-SOEP Stichproben von Geflüchteten (M3-M5)","Jana Nebelin, Marvin Petrenz, Knut Wenzig",2019,,"Jana Nebelin, Marvin Petrenz, Knut Wenzig. 2019: Wegweiser zur Datenanalyse der IAB-SOEP Migrationsstichprobe (M1-M2) und der IAB-BAMF-SOEP Stichproben von Geflüchteten (M3-M5). SOEP Survey Papers 600: Series G - General Issues and Teaching Materials. Berlin: DIW Berlin / SOEP","35 Other DIW Publication","IAB-SOEP Migration Sample, IAB-BAMF-SOEP, SOEP-Core","http://www.diw.de/documents/publikationen/73/diw_01.c.616172.de/diw_ssp0600.pdf",,TRUE,FALSE,FALSE,FALSE,"iab-soep"
11483,"Erhebungsinstrumente des IAB-SOEP-Migrationssamples 2018: Personenfragebogen (Wiederbefragte), Stichproben M1-M2","Kantar Public",2019,,"Kantar Public. 2019: Erhebungsinstrumente des IAB-SOEP-Migrationssamples 2018: Personenfragebogen (Wiederbefragte), Stichproben M1-M2. SOEP Survey Papers 602: Series A - Survey Instruments (Erhebungsinstrumente). Berlin: DIW Berlin / SOEP","35 Other DIW Publication","IAB-SOEP Migration Sample, SOEP v35","http://www.diw.de/documents/publikationen/73/diw_01.c.615982.de/diw_ssp0602.pdf",,TRUE,FALSE,FALSE,FALSE,"iab-soep"
11479,"Erhebungsinstrumente des IAB-SOEP-Migrationssamples 2017: Jugendfragebogen, Stichproben M1-M2","Kantar Public",2019,,"Kantar Public. 2019: Erhebungsinstrumente des IAB-SOEP-Migrationssamples 2017: Jugendfragebogen, Stichproben M1-M2. SOEP Survey Papers 598: Series A - Survey Instruments (Erhebungsinstrumente). Berlin: DIW Berlin / SOEP","35 Other DIW Publication","IAB-SOEP Migration Sample, SOEP v34","http://www.diw.de/documents/publikationen/73/diw_01.c.614649.de/diw_ssp0598.pdf",,TRUE,FALSE,FALSE,FALSE,"iab-soep"
11478,"Erhebungsinstrumente des IAB-SOEP-Migrationssamples 2017: Personenfragebogen (Wiederbefragte), Stichproben M1-M2","Kantar Public",2019,,"Kantar Public. 2019: Erhebungsinstrumente des IAB-SOEP-Migrationssamples 2017: Personenfragebogen (Wiederbefragte), Stichproben M1-M2. SOEP Survey Papers 597: Series A - Survey Instruments (Erhebungsinstrumente). Berlin: DIW Berlin / SOEP","35 Other DIW Publication","IAB-SOEP Migration Sample, SOEP v34","http://www.diw.de/documents/publikationen/73/diw_01.c.614647.de/diw_ssp0597.pdf",,TRUE,FALSE,FALSE,FALSE,"iab-soep"
11477,"Erhebungsinstrumente des IAB-SOEP-Migrationssamples 2017: Haushaltsfragebogen, Stichproben M1-M2","Kantar Public",2019,,"Kantar Public. 2019: Erhebungsinstrumente des IAB-SOEP-Migrationssamples 2017: Haushaltsfragebogen, Stichproben M1-M2. SOEP Survey Papers 596: Series A - Survey Instruments (Erhebungsinstrumente). Berlin: DIW Berlin / SOEP","35 Other DIW Publication","IAB-SOEP Migration Sample, SOEP v34","http://www.diw.de/documents/publikationen/73/diw_01.c.614645.de/diw_ssp0596.pdf",,TRUE,FALSE,FALSE,FALSE,"iab-soep"
11484,"Erhebungsinstrumente des IAB-SOEP-Migrationssamples 2018: Jugendfragebogen, Stichproben M1-M2","Kantar Public",2019,,"Kantar Public. 2019: Erhebungsinstrumente des IAB-SOEP-Migrationssamples 2018: Jugendfragebogen, Stichproben M1-M2. SOEP Survey Papers 603: Series A - Survey Instruments (Erhebungsinstrumente). Berlin: DIW Berlin / SOEP","35 Other DIW Publication","IAB-SOEP Migration Sample, SOEP v35","http://www.diw.de/documents/publikationen/73/diw_01.c.615984.de/diw_ssp0603.pdf",,TRUE,FALSE,FALSE,FALSE,"iab-soep"
11485,"Erhebungsinstrumente des IAB-SOEP-Migrationssamples 2018: Integrierter Personen- und Biografiefragebogen (Erstbefragte 2018), Stichproben M1-M2","Kantar Public",2019,,"Kantar Public. 2019: Erhebungsinstrumente des IAB-SOEP-Migrationssamples 2018: Integrierter Personen- und Biografiefragebogen (Erstbefragte 2018), Stichproben M1-M2. SOEP Survey Papers 604: Series A - Survey Instruments (Erhebungsinstrumente). Berlin: DIW Berlin / SOEP","35 Other DIW Publication","IAB-SOEP Migration Sample, SOEP v35","http://www.diw.de/documents/publikationen/73/diw_01.c.615986.de/diw_ssp0604.pdf",,TRUE,FALSE,FALSE,FALSE,"iab-soep"
11486,"Methodenbericht zum Befragungsjahr 2015 des IAB-SOEP-Migrationssamples (M1 /M2)","Axel Glemser, Simon Huber",2018,,"Axel Glemser, Simon Huber. 2018: Methodenbericht zum Befragungsjahr 2015 des IAB-SOEP-Migrationssamples (M1 /M2). SOEP Survey Papers 577: Series B - Survey Reports (Methodenberichte). Berlin: DIW Berlin / SOEP","35 Other DIW Publication","IAB-SOEP Migration Sample, SOEP v32","http://www.diw.de/documents/publikationen/73/diw_01.c.608198.de/diw_ssp0577.pdf",,TRUE,FALSE,FALSE,FALSE,"iab-soep"
11487,"Documentation on ISCED Generation Using the CAMCES Tool in the IAB-SOEP Migration Samples M1/M2","Roberto Briceno-Rosas, Elisabeth Liebau, Verena Ortmanns, Lisa Pagel, Silke L. Schneider",2018,,"Roberto Briceno-Rosas, Elisabeth Liebau, Verena Ortmanns, Lisa Pagel, Silke L. Schneider. 2018: Documentation on ISCED Generation Using the CAMCES Tool in the IAB-SOEP Migration Samples M1/M2. SOEP Survey Papers 579: Series D - Variable Description and Coding. Berlin: DIW Berlin / SOEP","35 Other DIW Publication","IAB-SOEP Migration Sample, SOEP v33.1","http://www.diw.de/documents/publikationen/73/diw_01.c.608161.de/diw_ssp0579.pdf",,TRUE,FALSE,FALSE,FALSE,"iab-soep"
11488,"Methodenbericht zum Befragungsjahr 2016 des IAB-SOEP-Migrationssamples (M1 /M2)","Anne Bohlender, Simon Huber, Axel Glemser",2018,,"Anne Bohlender, Simon Huber, Axel Glemser. 2018: Methodenbericht zum Befragungsjahr 2016 des IAB-SOEP-Migrationssamples (M1 /M2). SOEP Survey Papers 578: Series B - Survey Reports (Methodenberichte). Berlin: DIW Berlin / SOEP","35 Other DIW Publication","IAB-SOEP Migration Sample, SOEP v33","http://www.diw.de/documents/publikationen/73/diw_01.c.608204.de/diw_ssp0578.pdf",,TRUE,FALSE,FALSE,FALSE,"iab-soep"
11512,"SOEP-Core – 2016: Haushalt (M1/M2, CAPI, mit Verweis auf Variablen)","SOEP Group",2019,,"SOEP Group. 2019: SOEP-Core – 2016: Haushalt (M1/M2, CAPI, mit Verweis auf Variablen). SOEP Survey Papers 628: Series A - Survey Instruments (Erhebungsinstrumente). Berlin: DIW Berlin / SOEP","35 Other DIW Publication","IAB-SOEP Migration Sample,SOEP v33.1","http://www.diw.de/documents/publikationen/73/diw_01.c.618791.de/diw_ssp0628.pdf",,TRUE,FALSE,FALSE,FALSE,"iab-soep"
11515,"SOEP-Core – 2016: Jugend (M1/M2, CAPI, mit Verweis auf Variablen)","SOEP Group",2019,,"SOEP Group. 2019: SOEP-Core – 2016: Jugend (M1/M2, CAPI, mit Verweis auf Variablen). SOEP Survey Papers 631: Series A - Survey Instruments (Erhebungsinstrumente). Berlin: DIW Berlin / SOEP","35 Other DIW Publication","IAB-SOEP Migration Sample, SOEP v33.1","http://www.diw.de/documents/publikationen/73/diw_01.c.618805.de/diw_ssp0631.pdf",,TRUE,FALSE,FALSE,FALSE,"iab-soep"
11518,"SOEP-Core – 2016: Person (M1/M2 Wiederbefragte, CAPI, mit Verweis auf Variablen)","SOEP Group",2019,,"SOEP Group. 2019: SOEP-Core – 2016: Person (M1/M2 Wiederbefragte, CAPI, mit Verweis auf Variablen). SOEP Survey Papers 634: Series A - Survey Instruments (Erhebungsinstrumente). Berlin: DIW Berlin / SOEP","35 Other DIW Publication","IAB-SOEP Migration Sample, SOEP v33.1","http://www.diw.de/documents/publikationen/73/diw_01.c.618812.de/diw_ssp0634.pdf",,TRUE,FALSE,FALSE,FALSE,"iab-soep"
11519,"SOEP-Core – 2016: Person und Biografie (M1/M2, Erstbefragte, CAPI, mit Verweis auf Variablen)","SOEP Group",2019,,"SOEP Group. 2019: SOEP-Core – 2016: Person und Biografie (M1/M2, Erstbefragte, CAPI, mit Verweis auf Variablen). SOEP Survey Papers 635: Series A - Survey Instruments (Erhebungsinstrumente). Berlin: DIW Berlin / SOEP","35 Other DIW Publication","IAB-SOEP Migration Sample, SOEP v33.1","http://www.diw.de/documents/publikationen/73/diw_01.c.618819.de/diw_ssp0635.pdf",,TRUE,FALSE,FALSE,FALSE,"iab-soep"
11531,"SOEP-Core – 2016: Household (M1/M2, CAPI, with Reference to Variables)","SOEP Group",2019,,"SOEP Group. 2019: SOEP-Core – 2016: Household (M1/M2, CAPI, with Reference to Variables). SOEP Survey Papers 648: Series A - Survey Instruments (Erhebungsinstrumente). Berlin: DIW Berlin / SOEP","35 Other DIW Publication","IAB-SOEP Migration Sample, SOEP v33.1","http://www.diw.de/documents/publikationen/73/diw_01.c.619003.de/diw_ssp0648.pdf",,TRUE,FALSE,FALSE,FALSE,"iab-soep"
11534,"SOEP-Core – 2016: Youth (M1/M2, CAPI, with Reference to Variables)","SOEP Group",2019,,"SOEP Group. 2019: SOEP-Core – 2016: Youth (M1/M2, CAPI, with Reference to Variables). SOEP Survey Papers 651: Series A - Survey Instruments (Erhebungsinstrumente). Berlin: DIW Berlin / SOEP","35 Other DIW Publication","IAB-SOEP Migration Sample, SOEP v33.1","http://www.diw.de/documents/publikationen/73/diw_01.c.619009.de/diw_ssp0651.pdf",,TRUE,FALSE,FALSE,FALSE,"iab-soep"
11537,"SOEP-Core – 2016: Individual (M1/M2 Reinterviewed Individuals, CAPI, with Reference to Variables)","SOEP Group",2019,,"SOEP Group. 2019: SOEP-Core – 2016: Individual (M1/M2 Reinterviewed Individuals, CAPI, with Reference to Variables). SOEP Survey Papers 654: Series A - Survey Instruments (Erhebungsinstrumente). Berlin: DIW Berlin / SOEP","35 Other DIW Publication","IAB-SOEP Migration Sample, SOEP v33.1","http://www.diw.de/documents/publikationen/73/diw_01.c.619015.de/diw_ssp0654.pdf",,TRUE,FALSE,FALSE,FALSE,"iab-soep"
11538,"SOEP-Core – 2016: Individual and Biography (M1/M2, Initial interviews, CAPI, with Reference to Variables)","SOEP Group",2019,,"SOEP Group. 2019: SOEP-Core – 2016: Individual and Biography (M1/M2, Initial interviews, CAPI, with Reference to Variables). SOEP Survey Papers 655: Series A - Survey Instruments (Erhebungsinstrumente). Berlin: DIW Berlin / SOEP","35 Other DIW Publication","IAB-SOEP Migration Sample, SOEP v33.1","http://www.diw.de/documents/publikationen/73/diw_01.c.619017.de/diw_ssp0655.pdf",,TRUE,FALSE,FALSE,FALSE,"iab-soep"
11549,"SOEP-Core – 2017: Haushalt (M1/M2, mit Verweis auf Variablen)","SOEP Group",2019,,"SOEP Group. 2019: SOEP-Core – 2017: Haushalt (M1/M2, mit Verweis auf Variablen). SOEP Survey Papers 667: Series A - Survey Instruments (Erhebungsinstrumente). Berlin: DIW Berlin / SOEP","35 Other DIW Publication","IAB-SOEP Migration Sample, SOEP v34","http://www.diw.de/documents/publikationen/73/diw_01.c.619120.de/diw_ssp0667.pdf",,TRUE,FALSE,FALSE,FALSE,"iab-soep"
11554,"SOEP-Core – 2017: Jugend (16-17 Jahre, M1/M2, mit Verweis auf Variablen)","SOEP Group",2019,,"SOEP Group. 2019: SOEP-Core – 2017: Jugend (16-17 Jahre, M1/M2, mit Verweis auf Variablen). SOEP Survey Papers 671: Series A - Survey Instruments (Erhebungsinstrumente). Berlin: DIW Berlin / SOEP","35 Other DIW Publication","IAB-SOEP Migration Sample, SOEP v34","http://www.diw.de/documents/publikationen/73/diw_01.c.619128.de/diw_ssp0671.pdf",,TRUE,FALSE,FALSE,FALSE,"iab-soep"
11560,"SOEP-Core – 2017: Person (M1/M2 Wiederbefragte, mit Verweis auf Variablen)","SOEP Group",2019,,"SOEP Group. 2019: SOEP-Core – 2017: Person (M1/M2 Wiederbefragte, mit Verweis auf Variablen). SOEP Survey Papers 677: Series A - Survey Instruments (Erhebungsinstrumente). Berlin: DIW Berlin / SOEP","35 Other DIW Publication","IAB-SOEP Migration Sample, SOEP v34","http://www.diw.de/documents/publikationen/73/diw_01.c.619152.de/diw_ssp0677.pdf",,TRUE,FALSE,FALSE,FALSE,"iab-soep"
11561,"SOEP-Core – 2017: Person mit Biografie (M1/M2, Erstbefragte, mit Verweis auf Variablen)","SOEP Group",2019,,"SOEP Group. 2019: SOEP-Core – 2017: Person mit Biografie (M1/M2, Erstbefragte, mit Verweis auf Variablen). SOEP Survey Papers 678: Series A - Survey Instruments (Erhebungsinstrumente). Berlin: DIW Berlin / SOEP","35 Other DIW Publication","IAB-SOEP Migration Sample, SOEP v34","http://www.diw.de/documents/publikationen/73/diw_01.c.619154.de/diw_ssp0678.pdf",,TRUE,FALSE,FALSE,FALSE,"iab-soep"
11480,"Erhebungsinstrumente des IAB-SOEP-Migrationssamples 2017: Integrierter Personen- und Biografiefragebogen (Erstbefragte 2017), Stichproben M1-M2","Kantar Public",2019,,"Kantar Public. 2019: Erhebungsinstrumente des IAB-SOEP-Migrationssamples 2017: Integrierter Personen- und Biografiefragebogen (Erstbefragte 2017), Stichproben M1-M2. SOEP Survey Papers 599: Series A - Survey Instruments (Erhebungsinstrumente). Berlin: DIW Berlin / SOEP","35 Other DIW Publication","IAB-SOEP Migration Sample, SOEP v34","http://www.diw.de/documents/publikationen/73/diw_01.c.614651.de/diw_ssp0599.pdf",,TRUE,FALSE,FALSE,FALSE,"iab-soep"
11482,"Erhebungsinstrumente des IAB-SOEP-Migrationssamples 2018: Haushaltsfragebogen, Stichproben M1-M2","Kantar Public",2019,,"Kantar Public. 2019: Erhebungsinstrumente des IAB-SOEP-Migrationssamples 2018: Haushaltsfragebogen, Stichproben M1-M2. SOEP Survey Papers 601: Series A - Survey Instruments (Erhebungsinstrumente). Berlin: DIW Berlin / SOEP","35 Other DIW Publication","IAB-SOEP Migration Sample, SOEP v35","http://www.diw.de/documents/publikationen/73/diw_01.c.615980.de/diw_ssp0601.pdf",,TRUE,FALSE,FALSE,FALSE,"iab-soep"
11574,"SOEP-Core – 2017: Household (M1/M2, with Reference to Variables)","SOEP Group",2019,,"SOEP Group. 2019: SOEP-Core – 2017: Household (M1/M2, with Reference to Variables). SOEP Survey Papers 691: Series A - Survey Instruments (Erhebungsinstrumente). Berlin: DIW Berlin / SOEP","35 Other DIW Publication","IAB-SOEP Migration Sample, SOEP v34","http://www.diw.de/documents/publikationen/73/diw_01.c.619329.de/diw_ssp0691.pdf",,TRUE,FALSE,FALSE,FALSE,"iab-soep"
11578,"SOEP-Core – 2017: Youth (16-17-year-olds, M1/M2, with Reference to Variables)","SOEP Group",2019,,"SOEP Group. 2019: SOEP-Core – 2017: Youth (16-17-year-olds, M1/M2, with Reference to Variables). SOEP Survey Papers 695: Series A - Survey Instruments (Erhebungsinstrumente). Berlin: DIW Berlin / SOEP","35 Other DIW Publication","IAB-SOEP Migration Sample, SOEP v34","http://www.diw.de/documents/publikationen/73/diw_01.c.619337.de/diw_ssp0695.pdf",,TRUE,FALSE,FALSE,FALSE,"iab-soep"
11584,"SOEP-Core – 2017: Individual (M1/M2, Follow-up, with Reference to Variables)","SOEP Group",2019,,"SOEP Group. 2019: SOEP-Core – 2017: Individual (M1/M2, Follow-up, with Reference to Variables). SOEP Survey Papers 701: Series A - Survey Instruments (Erhebungsinstrumente). Berlin: DIW Berlin / SOEP","35 Other DIW Publication","IAB-SOEP Migration Sample, SOEP v34","http://www.diw.de/documents/publikationen/73/diw_01.c.619391.de/diw_ssp0701.pdf",,TRUE,FALSE,FALSE,FALSE,"iab-soep"
11585,"SOEP-Core – 2017: Individual and Biography (M1/M2, Initial Interview, with Reference to Variables)","SOEP Group",2019,,"SOEP Group. 2019: SOEP-Core – 2017: Individual and Biography (M1/M2, Initial Interview, with Reference to Variables). SOEP Survey Papers 702: Series A - Survey Instruments (Erhebungsinstrumente). Berlin: DIW Berlin / SOEP","35 Other DIW Publication","IAB-SOEP Migration Sample, SOEP v34","http://www.diw.de/documents/publikationen/73/diw_01.c.619395.de/diw_ssp0702.pdf",,TRUE,FALSE,FALSE,FALSE,"iab-soep"
8628,"The new IAB-SOEP Migration Sample: an introduction into the methodology and the contents","Herbert Brücker, Martin Kroh, Simone Bartsch, Jan Goebel, Simon Kühne, Elisabeth Liebau, Parvati Trübswetter, Ingrid Tucci, Jürgen Schupp",2014,,"Herbert Brücker, Martin Kroh, Simone Bartsch, Jan Goebel, Simon Kühne, Elisabeth Liebau, Parvati Trübswetter, Ingrid Tucci, Jürgen Schupp. 2014: The new IAB-SOEP Migration Sample: an introduction into the methodology and the contents. SOEP Survey Papers 216: Series C. Berlin: DIW/SOEP","35 Other DIW Publication","SOEP-Core  IAB-SOEP Migration Sample","http://hdl.handle.net/10419/103964",,TRUE,FALSE,FALSE,FALSE,"iab-soep"
8944,"How to Generate Spell Data from Data in ""Wide"" Format - Based on the Migration Biographies of the IAB-SOEP Migration Sample","Klaudia Erhardt",2014,,"Klaudia Erhardt. 2014: How to Generate Spell Data from Data in ""Wide"" Format - Based on the Migration Biographies of the IAB-SOEP Migration Sample. SOEP Survey Papers 228: Series G. Berlin: DIW Berlin","35 Other DIW Publication","SOEP-Core  IAB-SOEP Migration Sample","http://hdl.handle.net/10419/105001 http://panel.gsoep.de/soep-docs/surveypapers/diw_ssp0228.pdf",,TRUE,FALSE,FALSE,FALSE,"iab-soep"
8943,"Flowcharts for the Integrated Individual-Biography Questionnaire of the IAB-SOEP Migration Sample 2013","Klaudia Erhardt",2015,,"Klaudia Erhardt. 2015: Flowcharts for the Integrated Individual-Biography Questionnaire of the IAB-SOEP Migration Sample 2013. SOEP Survey Papers 261: Series C. Berlin: DIW/SOEP","35 Other DIW Publication","SOEP-Core  IAB-SOEP Migration Sample","http://hdl.handle.net/10419/107014 http://panel.gsoep.de/soep-docs/surveypapers/diw_ssp0261.pdf",,TRUE,FALSE,FALSE,FALSE,"iab-soep"
9135,"The 2013 IAB-SOEP Migration Sample (M1): Sampling Design and Weighting Adjustment","Martin Kroh, Simon Kühne, Jan Goebel, Friederike Preu",2015,,"Martin Kroh, Simon Kühne, Jan Goebel, Friederike Preu. 2015: The 2013 IAB-SOEP Migration Sample (M1): Sampling Design and Weighting Adjustment. SOEP Survey Papers 271: Series C. Berlin: DIW/SOEP","35 Other DIW Publication","SOEP-Core  IAB-SOEP Migration Sample","http://hdl.handle.net/10419/115868",,TRUE,FALSE,FALSE,FALSE,"iab-soep"
9529,"Feeling European: an exploration of ethnic disparities among immigrants","Céline Teney, Laurie Hanquinet, Katharina Bürkin",2016,"Over the last 20 years, European identity has become a key topic widely investigated in social sciences. However, most research has only focused on EU nationals and EU immigrants, neglecting the fact that a substantial segment of citizens in Europe are non-EU immigrants. This article explores the differences between and within EU and non-EU immigrant groups in terms of European identity and potential factors behind these differences. Based on the 2013 IAB-SOEP Migration Sample of first generation immigrants in Germany (N<U+2009>=<U+2009>2581), this paper reveals that non-EU immigrants tend to identify as European – even if to a lesser extent than EU immigrants. Moreover it provides a systematic comparative exploration of different factors possibly able to foster a European identity among EU and non-EU immigrants. It reveals, for instance, that religious affiliation has no significant impact but that spatial mobility is especially important in accounting for patterns in ethnic disparities in the endorsement of a European identity. Furthermore, this article illuminates a positive association between European identity and identity with the receiving society among both EU and non-EU immigrants as well as a positive association between European identity and identification with the origin country among EU immigrants.","Céline Teney, Laurie Hanquinet, Katharina Bürkin. 2016: Feeling European: an exploration of ethnic disparities among immigrants. Journal of Ethnic and Migration Studies 42 (13), 2182-2204","02 SSCI Journal","IAB-SOEP Migration Sample",,"10.1080/1369183X.2016.1166941",TRUE,FALSE,FALSE,FALSE,"iab-soep"
9700,"Half of the refugees in Germany found their first job through social contacts","Philipp Eisnecker, Diana Schacht",2016,"In Germany, the majority of people tend to find work through friends, acquaintances, and relatives when they first enter the labor market or switch jobs. The same applies to immigrants and their offspring. Integrating refugees into the labor market is considered crucial to their overall integration into society, yet little is known about how they land their first jobs. The present paper attempts to bridge this gap by analyzing IAB-SOEP Migration Sample data on two reference groups comprised of individuals that came to Germany for different reasons: labor migrants and family migrants. The analyses show that roughly half of the refugees found their first job through friends, relatives, or acquaintances. Formal channels such as job advertisements and the Federal Employment Agency also played a key role. Refugees who found employment through personal contacts were generally less likely to have any knowledge of German and more likely to have had contacts in Germany prior to immigration. The findings also show that refugees who acquired work through informal channels found their first job faster and were more likely to work full-time compared to those who found their first job through formal channels.","Philipp Eisnecker, Diana Schacht. 2016: Half of the refugees in Germany found their first job through social contacts. DIW Economic Bulletin 6 (34+35), 414-421","05 DIW Weekly Report","IAB-SOEP Migration Sample (SOEP v31)","http://diw.de/documents/publikationen/73/diw_01.c.542014.de/diw_econ_bull_2016-34-6.pdf",,TRUE,FALSE,FALSE,FALSE,"iab-soep"
9697,"Many refugees have work experience but a smaller share possess formal vocational qualifications","Elisabeth Liebau, Zerrin Salikutluk",2016,"Academic and vocational qualifications play a crucial role when it comes to successfully integrating refugees and other migrants into society. What qualifications did migrants already acquire in their country of origin and which did they obtain in Germany? And to what extent are qualifications gained abroad recognized in Germany? The IAB-SOEP Migration Sample shows that the majority of the migrant groups studied in the present report completed their schooling abroad and already gained professional experience there. However, only a smaller share possess formal vocational qualifications. One-third of refugees and other migrants applied for foreign qualifications to be recognized in Germany. Hoewever, the recognition rate is low for refugees. For migrants to find work in Germany, it is crucial that the qualifications they bring with them are in demand on the German labor market. On the one hand, it is important that they learn German and invest in further training programs, and on the other, they should seek recognition of their academic and vocational certificates in Germany.","Elisabeth Liebau, Zerrin Salikutluk. 2016: Many refugees have work experience but a smaller share possess formal vocational qualifications. DIW Economic Bulletin 6 (34+35), 392-399","05 DIW Weekly Report","IAB-SOEP Migration Sample (SOEP v31)","https://www.diw.de/documents/publikationen/73/diw_01.c.542008.de/diw_econ_bull_2016-34-3.pdf",,TRUE,FALSE,FALSE,FALSE,"iab-soep"
9696,"Language acquisition: refugees nearly achieve proficiency level of other migrants","Elisabeth Liebau, Diana Schacht",2016,"Whether they’re looking to participate in social life, enter the German labor market, or obtain relevant training certificates, learning German is a critical part of integration for the majority of refugees—and yet only a handful of studies have examined their language acquisition patterns and skill levels. The IAB-SOEP Migration Sample, which was collected by the Institute for Employment Research (Institut für Arbeitsmarkt- und Berufsforschung) and the German Socio-Economic Panel (SOEP), offers new findings on German language acquisition among refugees; the present analysis, conducted by DIW Berlin, identifies factors that have been positively correlated with German language acquisition among refugees as well as non-refugee migrants. According to the survey, most refugees did not speak any German upon their arrival in Germany—but with time, they approximated the German language proficiency of Germany’s non-refugee migrants. Positively correlated factors include the refugee’s age at the time of immigration as well as his or her prior educational background. Once they were in Germany, refugees’ fluency improved with time, participation in the German education system, and frequent usage of the language, especially in the workplace.","Elisabeth Liebau, Diana Schacht. 2016: Language acquisition: refugees nearly achieve proficiency level of other migrants. DIW Economic Bulletin 6 (34+35), 400-406","05 DIW Weekly Report","IAB-SOEP Migration Sample (SOEP v31)","https://www.diw.de/documents/publikationen/73/diw_01.c.542010.de/diw_econ_bull_2016-34-4.pdf",,TRUE,FALSE,FALSE,FALSE,"iab-soep"
9699,"Refugees entered the labor market later than other migrants","Zerrin Salikutluk, Johannes Giesecke, Martin Kroh",2016,"It has taken longer for refugees who have been living in Germany for some time, particularly those who arrived between 1990 and 2010, to take up gainful employment than other migrants. These findings are based on data from the Socio-Economic Panel (SOEP) and the IAB-SOEP Migration Sample. In addition, these refugees show a higher rate of unemployment and earn lower incomes by comparison even years after arriving in Germany. Refugees from different regions also show a tendency to work in certain occupations and in jobs that are below their skill levels. These findings indicate the importance of targeted educational and labor market measures to facilitate the best possible integration of refugees into the German labor market—and thereby also into German society.","Zerrin Salikutluk, Johannes Giesecke, Martin Kroh. 2016: Refugees entered the labor market later than other migrants. DIW Economic Bulletin 6 (34+35), 407-413","05 DIW Weekly Report","IAB-SOEP Migration Sample (SOEP v31)","http://diw.de/documents/publikationen/73/diw_01.c.542012.de/diw_econ_bull_2016-34-5.pdf",,TRUE,FALSE,FALSE,FALSE,"iab-soep"
9698,"Children and adolescents with refugee background less likely to participate in voluntary educational programs - with exception of extracurricular school activities","C. Katharina Spieß, Franz Westermaier, Jan Marcus",2016,"Non-compulsory educational programs including extracurricular school activities, child day care centers, and non-formal educational programs, such as sports or music activities outside of school, make an important contribution to social integration. But to what extent do children and their families actually make use of these voluntary programs? On the basis of the Socio-Economic Panel (SOEP) and the joint migration survey of the SOEP and the Institute for Employment Research (IAB), the present report seeks to address this question for the first time with a specific focus on children with a refugee background. The study shows that these children participate in some voluntary educational activities such as extracurricular school activities just as frequently as or even more frequently than other children. However, they are less likely to participate in a parent-child group or to attend a day care center, particularly those under the age of three, than their peers. Further, at both primary and secondary school age, children of refugees participate less often in sports activities outside of school. Efforts to integrate those with a refugee background should therefore also focus on these non-formal educational activities held outside of school and specifically target these children, adolescents, and their families. When it comes to extracurricular school activities, however, a great deal has already been achieved—it is important that we make full use of and continue to tap into this potential.","C. Katharina Spieß, Franz Westermaier, Jan Marcus. 2016: Children and adolescents with refugee background less likely to participate in voluntary educational programs - with exception of extracurricular school activities. DIW Economic Bulletin 6 (34+35), 422-430","05 DIW Weekly Report","IAB-SOEP Migration Sample (SOEP v31)","https://www.diw.de/documents/publikationen/73/diw_01.c.542016.de/diw_econ_bull_2016-34-7.pdf",,TRUE,FALSE,FALSE,FALSE,"iab-soep"
9679,"Determinants of self-employment among Polish and Romanian immigrants in Germany","Marek Szarucki, Jan Brzozowski, Jelena Stankeviciene",2016,"This empirical study investigates the determinants of self-employment propensity of Polish and Romanian immigrants in Germany. The German economy is an important object of analysis, as it is the most important destination for international migrants in the European Union. In the paper, we use the recently collected M sample of the German Socio-Economic Panel to examine which personal, country of birth-specific socio-economic and cultural factors influence the self-employment propensity of immigrants. The results of binominal logit regression show that the Central European migrants exhibit different self-employment propensity than migrants from former Yugoslavia, Russian and Kazakhstan, Turkey and Italy, with the self-employment aversion especially strong among Romanians. These differences remain substantial even after controlling for social and human capital endowment of the individuals. This study offers important policy recommendations, showing the potential obstacles in encouraging entrepreneurial activity of immigrants. This topic is becoming increasingly important with the current migration crisis in the EU, caused by intensive inflow of asylum-seeking foreigners in 2015.","Marek Szarucki, Jan Brzozowski, Jelena Stankeviciene. 2016: Determinants of self-employment among Polish and Romanian immigrants in Germany. Journal of Business Economics and Management 17 (4), 598-612","02 SSCI Journal","IAB-SOEP Migration Sample 2013, SOEP v30",,"10.3846/16111699.2016.1202313",TRUE,FALSE,FALSE,FALSE,"iab-soep"
9847,"The Informed Consent to Record Linkage in Panel Studies: Optimal Starting Wave, Consent Refusals, and Subsequent Panel Attrition","Philipp Simon Eisnecker, Martin Kroh",2017,"Social scientists increasingly link survey data with administrative records. However, data protection legislation often requires respondents’ informed consent prior to record linkage. This has confronted research with nontrivial refusal rates in combination with selectivity of the consent decision. In longitudinal surveys, linkage requests may also increase attrition rates in subsequent waves, as many respondents perceive record linkages negatively. Hence, in panel surveys, both nonresponse forms potentially bias the resulting datasets. The present paper examines (a) whether we can minimize consent refusals in a longitudinal survey by varying which survey wave includes the linkage request and (b) whether such requests increase subsequent attrition. To test this, we implement a randomized survey experiment within a face-to-face household panel survey focusing on migrants in Germany. Respondents of the IAB-SOEP Migration Sample, conducted by the Institute for Employment Research (IAB) and the Socio-Economic Panel study (SOEP), were randomly allocated into three groups: first, a control group without record linkage; a second group that was asked in wave 1 (2013) to allow data linkage to administrative employment and benefits records held by the Federal Employment Agency; and a third group that was asked the same question in wave 2 (2014). We found neither significant differences in consent rates when introducing the request in wave 1 or 2 nor significant differences in panel attrition in subsequent waves. Therefore, results suggest that requesting consent to link records in wave 1 of a panel study provides the largest quantity of linked data without inflating panel attrition.","Philipp Simon Eisnecker, Martin Kroh. 2017: The Informed Consent to Record Linkage in Panel Studies: Optimal Starting Wave, Consent Refusals, and Subsequent Panel Attrition. Public Opinion Quarterly 81 (2), 131-143","02 SSCI Journal","IAB-SOEP Migration Sample",,"10.1093/poq/nfw052",TRUE,FALSE,FALSE,FALSE,"iab-soep"
9952,"Integrating Refugees: Insights from the Past: Editorial","Philipp Eisnecker, Johannes Giesecke, Martin Kroh, Elisabeth Liebau, Jan Marcus, Zerrin Salikutluk, Diana Schacht, C. Katharina Spieß, Franz Westermaier",2016,,"Philipp Eisnecker, Johannes Giesecke, Martin Kroh, Elisabeth Liebau, Jan Marcus, Zerrin Salikutluk, Diana Schacht, C. Katharina Spieß, Franz Westermaier. 2016: Integrating Refugees: Insights from the Past: Editorial. DIW Economic Bulletin 6 (34+35), 387-390","05 DIW Weekly Report","SOEP v31, IAB-SOEP Migration Sample","http://diw.de/documents/publikationen/73/diw_01.c.542004.de/diw_econ_bull_2016-34-1.pdf",,TRUE,FALSE,FALSE,FALSE,"iab-soep"
10069,"The Request for Record Linkage in the IAB-SOEP Migration Sample","Philipp Simon Eisnecker, Klaudia Erhardt, Martin Kroh, Parvati Trübswetter",2017,,"Philipp Simon Eisnecker, Klaudia Erhardt, Martin Kroh, Parvati Trübswetter. 2017: The Request for Record Linkage in the IAB-SOEP Migration Sample. SOEP Survey Papers 291: Series C - Data Documentations (Datendokumentationen). Berlin: DIW Berlin","36 Infratest Report","SOEP-Core  IAB-SOEP Migration Sample","http://hdl.handle.net/10419/156116",,TRUE,FALSE,FALSE,FALSE,"iab-soep"
10421,"Refugee Integration: A Worthwile Investment","Stefan Bach, Herbert Brücker, Peter Haan, Agnese Romiti, Kristina van Deuverden, Enzo Weber",2017,"The initial fiscal costs associated with refugee integration are quite high—but as more and more refugees join the labor force, a reduction in ongoing welfare costs and an increase in government revenue will result. Against this background, the Institute for Employment Research (IAB) in Nuremberg and DIW Berlin conducted a joint investigation (funded by the German Federal Ministry of Labor and Social Affairs) into the overall economic and fiscal impacts of investing in the labor market integration of the refugees who arrived in Germany in 2015. The results show that investing in refugees’ language skills and educational qualifications promises high returns.","Stefan Bach, Herbert Brücker, Peter Haan, Agnese Romiti, Kristina van Deuverden, Enzo Weber. 2017: Refugee Integration: A Worthwile Investment. DIW Economic Bulletin 7 (3+4), 33-43","05 DIW Weekly Report","IAB-SOEP Migration Sample","https://www.diw.de/documents/publikationen/73/diw_01.c.551747.de/diw_econ_bull_2017-03-1.pdf",,TRUE,FALSE,FALSE,FALSE,"iab-soep"
10403,"Labour market integration of refugee’s in Germany: Is there evidence for a refugee gap?","Tim Jähnert",2017,"In this thesis, I examine the existence of a refugee gap in Germany. In more detail, I research the differences in net income and employment rate for immigrants with different motives for migration. In order to do that I use data from the IAB-SOEP Migration Sample which is a joint project from the Institute for Employment Research (IAB) and the Socio-Economic Panel (SOEP) at the German Institute for Economic Research (DIW Berlin). By employing that data, I have information about 4,964 persons with migration background residing in 2,723 households. The research is conducted by using a linear and a logistic regression model in order to underline the effects of the differences between different migration groups. I conclude that there is a small refugee gap in Germany.","Tim Jähnert. 2017: Labour market integration of refugee’s in Germany: Is there evidence for a refugee gap? Örebro: Örebro University","41 B.A./M.A. Thesis","IAB-SOEP Migration Sample",,,TRUE,FALSE,FALSE,FALSE,"iab-soep"
10385,"Economic analysis of migration flows to Germany focusing on Spanish emigrants","Paula  Morán Ramírez",2017,"This essay economically analyses the different international immigration flows Germany has experienced (with a special emphasis on Spanish population) since the end of World War II: guest workers period and post-financial crisis. Both waves are characterized by the contrasting educational level required by German employers according to the labor market needs. However, the language skills appear to be a key comparative advantage over other immigrants. For that purpose, an econometric analysis with German socio-economic panel data has been carried out in order to identify the potential requested skills for foreigners in the German labor market. The econometric models provide a justification to why this last migration wave –partly caused by an increasing globalization trend– is characterized by the importance of speaking and writing German very well in addition to the schooling level.","Paula  Morán Ramírez. 2017: Economic analysis of migration flows to Germany focusing on Spanish emigrants. Barcelona: University of Barcelona","41 B.A./M.A. Thesis","IAB-SOEP Migration Sample",,,TRUE,FALSE,FALSE,FALSE,"iab-soep"
10665,"Substantial Labor Market Effects of the Residency Status: How Important are Initial Conditions At Arrival for Immigrants?","Eric Schuss",2017,"This paper uses information on the legal status upon arrival to study long-term labor market effects, whereas selection and potential outmigration are taken into account by a large set of methods. I find that immigrants arrived with a job commitment in Germany achieve a longterm income advantage of 18.6% relative to other migrant groups, while language skills and ethnic networks can be excluded as transmission channels. Thus, a better linkage between job vacancies in the host country and the labor supply of potential migrants in the home country prevents mismatches and unrealistic expectations of potential migrants towards the host country.","Eric Schuss. 2017: Substantial Labor Market Effects of the Residency Status: How Important are Initial Conditions At Arrival for Immigrants? SOEPpaper 952. Berlin: DIW Berlin","32 SOEPpaper","IAB-SOEP Migration Sample 2014","http://www.diw.de/documents/publikationen/73/diw_01.c.576045.de/diw_sp0952.pdf",,TRUE,FALSE,FALSE,FALSE,"iab-soep"
10714,"The 2015 IAB-SOEP Migration Study M2: Sampling Design, Nonresponse, and Weighting Adjustment","Simon Kühne, Martin Kroh",2017,,"Simon Kühne, Martin Kroh. 2017: The 2015 IAB-SOEP Migration Study M2: Sampling Design, Nonresponse, and Weighting Adjustment. SOEP Survey Papers 473: Series C - Data Documentations (Datendokumentationen). Berlin: DIW Berlin","35 Other DIW Publication","SOEP-Core  IAB-SOEP Migration Sample","https://hdl.handle.net/10419/170486",,TRUE,FALSE,FALSE,FALSE,"iab-soep"
10827,"Measuring Migrants' Educational Attainment: The CAMCES Tool in the IAB-SOEP Migration Samples","Silke L. Schneider, Roberto Briceno-Rosas, Verena Ortmanns, Jessica M. E. Herzing",2018,"Education is one of the most frequently used variables in social science research. However, it is challenging to measure educational attainment with a high degree of validity and comparability in migrant surveys. In migrant surveys, respondents were educated in various different educational systems. Rather than providing specific response options for the qualifications available in every country of origin, migrant surveys often use generic response options (such as “secondary education”) that supposedly work equally well for respondents educated in all kinds of educational systems. Given the lack of universal understanding of such generic categories, we have doubts whether this approach leads to reliable, valid, and comparable data. To improve the measurement of educational qualifications obtained abroad, GESIS has developed a new tool in the project ""Computer-assisted measurement and coding of education in surveys"" (CAMCES). In this paper, we present how migrants’ education is usually measured in the German IAB-SOEP Migration Samples and the alternative measurement using the CAMCES tool implemented in the IAB-SOEP Migration Samples 2015 and 2016. We analyze the coverage of educational systems in the CAMCES tool, compare the level of item nonresponse and non-coded responses affecting the standard and the CAMCES instruments, and examine the consistency of the resulting education variables. The paper concludes by discussing benefits and limitations of either measurement approach, and by giving an outlook of possible applications of the CAMCES tool....","Silke L. Schneider, Roberto Briceno-Rosas, Verena Ortmanns, Jessica M. E. Herzing. 2018: Measuring Migrants' Educational Attainment: The CAMCES Tool in the IAB-SOEP Migration Samples, in Dorothée Behr (ed^.), Surveying the Migrant Population: Consideration of Linguistic and Cultural Issues  (Gesis Schriftenreihe Band 19). Köln: Gesis - Leibniz-Institut für Sozialwissenschaften. 43-74","20 Book Section","IAB-SOEP Migration Sample","https://www.ssoar.info/ssoar/handle/document/58550",,TRUE,FALSE,FALSE,FALSE,"iab-soep"
11145,"Social Mobility and Perceived Discrimination: Adding an Intergenerational Perspective","Merlin Schaeffer",2019,"This article adds an intergenerational perspective to the study of perceived ethnic discrimination. It proposes the conjecture that perceived discrimination tends to increase with parental education, particularly among those children of immigrants who have attained only mediocre levels of education themselves. I discuss that this conjecture may be developed as an argument that comes in two versions: a narrow version about explicit downward (intergenerational) mobility and a wide version about unfulfilled mobility aspirations more generally. Analyses based on the six-country comparative EURISLAM survey support the argument: parental education positively predicts perceived discrimination in general, but among the less educated, this relation is most pronounced, whereas it is absent among those with tertiary education. A replication and falsification test based on the German IAB-SOEP Migration Sample reconfirms the main finding and provides further original pieces of evidence. The analyses suggest processes associated with unfulfilled mobility aspirations as the more plausible underlying reason.","Merlin Schaeffer. 2019: Social Mobility and Perceived Discrimination: Adding an Intergenerational Perspective. European Sociological Review 35 (1), 65-80","02 SSCI Journal","IAB-SOEP",,"10.1093/esr/jcy042",TRUE,FALSE,FALSE,FALSE,"iab-soep"
8701,"Anerkannte Abschlüsse und Deutschkenntnisse lohnen sich","Herbert Brücker, Elisabeth Liebau, Agnese Romiti, Ehsan Vallizadeh",2014,"Über die Erwerbsverläufe und die Verdienste von Migranten vor dem Zuzug nach Deutschland ist bislang aufgrund der Datenlage wenig bekannt. Die neue IAB-SOEP-Migrationsstichprobe schließt nicht nur diese Lücke, sie stellt auch umfassende Informationen zu den Determinanten der Arbeitsmarktintegration von Migranten in Deutschland bereit. Menschen, die bereits vor dem Zuzug erwerbstätig waren, sind dies in der Regel auch später in Deutschland und ihre Einkommensgewinne sind hoch. Deutschkenntnisse und die Anerkennung beruflicher Abschlüsse erhöhen die Löhne und steigern die Chancen, entsprechend der Qualifikation beschäftigt zu werden.                Little is currently known about the employment histories and earnings of migrants prior to migration to Germany. Not only does the new IAB-SOEP Migration Sample close this gap but it also provides comprehensive information about the determinants of labor market integration of immigrants in Germany. People who were employed prior to arrival are frequently also subsequently employed in Germany and their income gains are usually high. Knowledge of German and having professional qualifications recognized raises wages and increases the chances of being employed according to the level of qualification.","Herbert Brücker, Elisabeth Liebau, Agnese Romiti, Ehsan Vallizadeh. 2014: Anerkannte Abschlüsse und Deutschkenntnisse lohnen sich. DIW Wochenbericht 81 (43), 1144-1151","05 DIW Weekly Report","IAB-SOEP Migration Sample","http://www.diw.de/documents/publikationen/73/diw_01.c.485498.de/14-43-4.pdf",,TRUE,FALSE,FALSE,FALSE,"iab-soep"
8699,"Neue Muster der Migration","Herbert Brücker, Ingrid Tucci, Simone Bartsch, Martin Kroh, Parvati Trübswetter, Jürgen Schupp",2014,"Über die Migrationsbiografien, -wege und -erfahrungen der in Deutschland lebenden Zuwanderer gibt es bislang nur wenig gesicherte wissenschaftliche Erkenntnisse. Eine im Jahr 2013 begonnene Längsschnittstudie soll diese Lücke schließen: Für die neue IAB-SOEP-Migrationsstichprobe werden künftig jedes Jahr 5 000 Personen mit Migrationshintergrund und ihre Familienangehörigen befragt. So lässt sich nachvollziehen, wann die Befragten in Deutschland, in ihren Geburtsländern und in anderen Ländern gelebt haben und auf welchen Wegen sie gewandert sind. Traditionelle Muster der Migration, in denen Zuwanderer nach dem Zuzug dauerhaft ihren Lebensmittelpunkt in ein neues Zielland verlagern, werden zunehmend durch neue Muster abgelöst: Insbesondere seit der Wirtschafts- und Finanzkrise sowie der EU-Osterweiterung ist zu beobachten, dass Menschen wiederholt migrieren und Lebenserfahrungen in verschiedenen Ländern sammeln.                     There is as yet little scientific knowledge about the migration biographies, routes, and experiences of immigrants living in Germany. But a longitudinal study started in 2013 is to close this gap. Each year, 5,000 people with a migration background and their family members are surveyed for the new IAB-SOEP Migration Sample. Thus, it can be verified when the respondents have lived in Germany, in their countries of birth, and in other countries, and which routes they migrated along. Traditional migration patterns in which migrants permanently spend their lives in a new destination country after moving there are increasingly being replaced by new patterns: particularly since the economic and financial crisis and the EU's eastern enlargement, it has been observed that people migrate repeatedly and gain life experiences in different countries.","Herbert Brücker, Ingrid Tucci, Simone Bartsch, Martin Kroh, Parvati Trübswetter, Jürgen Schupp. 2014: Neue Muster der Migration. DIW Wochenbericht 81 (43), 1126-1135","05 DIW Weekly Report","IAB-SOEP Migration Sample","http://www.diw.de/documents/publikationen/73/diw_01.c.485494.de/14-43-2.pdf",,TRUE,FALSE,FALSE,FALSE,"iab-soep"
8700,"Migranten investieren in Sprache und Bildung","Elisabeth Liebau, Agnese Romiti",2014,"Sprachkompetenz und Bildung sind Schlüsselfaktoren für die Teilhabe von Migranten an allen Bereichen des wirtschaftlichen und sozialen Lebens. Ob es Zuwanderern gelingt, ihr im Ausland erworbenes Humankapital nach Deutschland zu transferieren, zeigen erste Ergebnisse aus der IAB-SOEP-Migrationsstichprobe. Lückenlose Bildungsbiografien der Migranten in Deutschland und in den Herkunftsländern machen deutlich, dass diese auch nach dem Zuzug ihre Deutschkenntnisse deutlich verbessern und in erheblichem Umfang berufliche Bildungsabschlüsse erwerben. Bislang hat ein Drittel der Zuwanderer die Anerkennung von ausländischen Berufsabschlüssen beantragt, die Anerkennungsquoten sind bei Migranten, die in reglementierten Berufen tätig sind, besonders hoch.                 Language skills and education are key factors for migrants being able to participate in all areas of economic and social life. Initial findings from the IAB-SOEP Migration Sample are starting to show whether immigrants are successful in transferring the human capital they have acquired abroad to Germany. Complete educational biographies of migrants in Germany and in the countries of origin make it clear that they also significantly improve their German skills after arrival and many acquire professional qualifications. To date, one-third of immigrants has applied for recognition of foreign professional qualifications. The recognition ratios are particularly high among migrants who work in regulated professions.","Elisabeth Liebau, Agnese Romiti. 2014: Migranten investieren in Sprache und Bildung. DIW Wochenbericht 81 (43), 1136-1143","05 DIW Weekly Report","IAB-SOEP Migration Sample","http://www.diw.de/documents/publikationen/73/diw_01.c.485496.de/14-43-3.pdf",,TRUE,FALSE,FALSE,FALSE,"iab-soep"
8629,"Methodenbericht zum IAB-SOEP-Migrationssample 2013","TNS Infratest Sozialforschung",2014,,"TNS Infratest Sozialforschung. 2014: Methodenbericht zum IAB-SOEP-Migrationssample 2013. SOEP Survey Papers 217: Series B. Berlin: DIW/SOEP","35 Other DIW Publication","SOEP-Core  IAB-SOEP Migration Sample","http://hdl.handle.net/10419/103966",,TRUE,FALSE,FALSE,FALSE,"iab-soep"
8630,"Erhebungsinstrumente des IAB-SOEP-Migrationssamples 2013: Integrierter Personen-Biografiefragebogen, Haushaltsfragebogen","TNS Infratest Sozialforschung",2014,,"TNS Infratest Sozialforschung. 2014: Erhebungsinstrumente des IAB-SOEP-Migrationssamples 2013: Integrierter Personen-Biografiefragebogen, Haushaltsfragebogen. SOEP Survey Papers 218: Series A. Berlin: DIW/SOEP","36 Infratest Report","SOEP-Core  IAB-SOEP Migration Sample","http://hdl.handle.net/10419/103967",,TRUE,FALSE,FALSE,FALSE,"iab-soep"
8631,"Erhebungsinstrumente des IAB-SOEP-Migrationssamples 2013: Übersetzungshilfen (englisch, polnisch, türkisch, rumänisch, russisch)","TNS Infratest Sozialforschung",2014,,"TNS Infratest Sozialforschung. 2014: Erhebungsinstrumente des IAB-SOEP-Migrationssamples 2013: Übersetzungshilfen (englisch, polnisch, türkisch, rumänisch, russisch). SOEP Survey Papers 219: Series A. Berlin: DIW/SOEP","36 Infratest Report","SOEP-Core  IAB-SOEP Migration Sample","http://hdl.handle.net/10419/103961",,TRUE,FALSE,FALSE,FALSE,"iab-soep"
8702,"Wie zufrieden sind Migranten mit ihrem Leben?","Ingrid Tucci, Philipp Eisnecker, Herbert Brücker",2014,"Migration stellt die betroffenen Personen vor zahlreiche Herausforderungen. Dazu gehört nicht nur die Arbeitsmarktintegration oder der Erwerb von Sprachkompetenz. Sie müssen auch neue soziale Kontakte in einem fremden Lebensumfeld aufbauen. Mit der IAB-SOEP-Migrationsstichprobe kann die soziale Integration von Migrantinnen und Migranten vertieft untersucht werden. Dabei spielen auch Integrationshemmnisse und Diskriminierungserfahrungen eine zentrale Rolle. Die Ergebnisse zeigen, dass die Lebenszufriedenheit von Migranten, aber auch ihre Identifikation mit Deutschland neben strukturellen Faktoren wie Erwerbsstatus und Einkommen maßgeblich von der sozialen Integration beeinflusst werden.                                      Migration poses many challenges for those involved. This not only includes labor market integration or the acquisition of language skills, they must also establish new social contacts in a foreign living environment. The IAB-SOEP Migration Sample allows us to study this social integration by migrants in greater detail. Barriers to integration and discrimination also play a key role here. The findings show that both the life satisfaction of immigrants and their identification with Germany, as well as structural factors such as employment status and income, are significantly influenced by social integration.","Ingrid Tucci, Philipp Eisnecker, Herbert Brücker. 2014: Wie zufrieden sind Migranten mit ihrem Leben? DIW Wochenbericht 81 (43), 1152-1158","05 DIW Weekly Report","IAB-SOEP Migration Sample, SOEP-Core","http://www.diw.de/documents/publikationen/73/diw_01.c.485500.de/14-43-5.pdf",,TRUE,FALSE,FALSE,FALSE,"iab-soep"
8753,"Kinder mit Migrationshintergrund in Kindertageseinrichtungen und Horten: Unterschiede zwischen den Gruppen nicht vernachlässigen!","Frauke Peter, C. Katharina Spieß",2015,"Der Besuch einer Kindertageseinrichtung oder eines Hortes kann für Kinder mit Migrationshintergrund einen wichtigen Bestandteil der Integration und Teilhabe an der deutschen Gesellschaft darstellen. Von zahlreichen Experten wird in diesem Kontext bemängelt, dass ""Migrantenkinder"" in Kindertageseinrichtungen unterrepräsentiert sind. Auf Basis der neuen IAB-SOEP-Migrantenstichprobe und der aktuellen SOEP-Daten untersucht dieser Bericht erstmals die Inanspruchnahme von Kindertageseinrichtungen in Migrantenfamilien unter Berücksichtigung unterschiedlicher Migrationsabgrenzungen und Integrationsindikatoren. Die Analysen bestätigen, dass insbesondere Kinder, deren Eltern beide einen Migrationshintergrund haben, unterrepräsentiert sind. Unterscheidungen nach dem Herkunftsland der Mutter zeigen jedoch auch, dass dies nur auf Kinder bestimmter Herkunftsgruppen zutrifft. Nach Auskunft der Mütter spricht ein beträchtlicher Anteil der Kindergartenkinder mit Migrationshintergrund zu Hause kein Deutsch – obwohl diese Kinder in der Mehrheit Mütter haben, die beabsichtigen in Deutschland zu bleiben. Außerdem weisen die Analysen einmal mehr darauf hin, dass die Zusammenhänge zwischen Migration und Nutzung von Kindertageseinrichtungen auch durch andere Faktoren, wie die Bildung der Eltern oder die mütterliche Erwerbstätigkeit, erklärbar sind.                    For children with a migration background, attending a daycare or after-school center can be an important part of integration and participation in German society. As a result, many experts are critical that “migrant children” are underrepresented in daycare centers. Based on the latest IAB-SOEP Migration Sample and current SOEP data, the present report examines, for the first time, the uptake of center based daycare by migrant families, taking into account various migration differentiations and integration indicators. The analyses confirm that particularly children from families in which both parents have a migration background are underrepresented. However, when distinguishing according to the mother’s country of origin, it becomes clear that this only applies to children from certain groups of origin. According to information provided by the mothers, a significant proportion of children with a migration background between three years and compulsory school age do not speak German at home - despite these children having mothers who intend to stay in Germany. In addition, the analyses once again indicate that links between migration and center based daycare uptake can be explained by other factors, such as parents’ education or maternal employment.","Frauke Peter, C. Katharina Spieß. 2015: Kinder mit Migrationshintergrund in Kindertageseinrichtungen und Horten: Unterschiede zwischen den Gruppen nicht vernachlässigen! DIW Wochenbericht 82 (1-2), 12-21","05 DIW Weekly Report","IAB-SOEP Migration Sample","http://www.diw.de/documents/publikationen/73/diw_01.c.494153.de/15-1-3.pdf",,TRUE,FALSE,FALSE,FALSE,"iab-soep"
8940,"Erhebungsinstrumente des IAB-SOEP-Migrationssamples 2014: Integrierter Personen-Biografiefragebogen, Haushaltsfragebogen","TNS Infratest Sozialforschung",2014,,"TNS Infratest Sozialforschung. 2014: Erhebungsinstrumente des IAB-SOEP-Migrationssamples 2014: Integrierter Personen-Biografiefragebogen, Haushaltsfragebogen. SOEP Survey Papers 259: Series A. Berlin: DIW/SOEP","36 Infratest Report","SOEP-Core  IAB-SOEP Migration Sample","http://hdl.handle.net/10419/106432 http://panel.gsoep.de/soep-docs/surveypapers/diw_ssp0259.pdf",,TRUE,FALSE,FALSE,FALSE,"iab-soep"
8942,"Erhebungsinstrumente des IAB-SOEP-Migrationssamples 2014: Übersetzungshilfen (englisch, polnisch, türkisch, rumänisch, russisch)","TNS Infratest Sozialforschung",2014,,"TNS Infratest Sozialforschung. 2014: Erhebungsinstrumente des IAB-SOEP-Migrationssamples 2014: Übersetzungshilfen (englisch, polnisch, türkisch, rumänisch, russisch). SOEP Survey Papers 268: Series A. Berlin: DIW/SOEP","36 Infratest Report","SOEP-Core  IAB-SOEP Migration Sample","http://hdl.handle.net/10419/109642 http://panel.gsoep.de/soep-docs/surveypapers/diw_ssp0268.pdf",,TRUE,FALSE,FALSE,FALSE,"iab-soep"
8941,"Erhebungsinstrumente des IAB-SOEP-Migrationssamples 2014: Jugendfragebogen","TNS Infratest Sozialforschung",2015,,"TNS Infratest Sozialforschung. 2015: Erhebungsinstrumente des IAB-SOEP-Migrationssamples 2014: Jugendfragebogen. SOEP Survey Papers 262: Series A. Berlin: DIW/SOEP","36 Infratest Report","SOEP-Core  IAB-SOEP Migration Sample","http://hdl.handle.net/10419/107015 http://panel.gsoep.de/soep-docs/surveypapers/diw_ssp0262.pdf",,TRUE,FALSE,FALSE,FALSE,"iab-soep"
9162,"Arbeitsmarktintegration: spielt der Geburtsort eine Rolle? - Eine empirische Untersuchung mit Daten des SOEP zum Zusammenhang zwischen Geburtsort und Arbeitsmarkterfolg von Migranten in Deutschland","Michael Kostmann",2015,"Der Arbeitsmarkterfolg von Migranten in Deutschland bleibt trotz Integrationsbemühungen hinter dem der autochthonen deutschen Bevölkerung zurück. Mithilfe der IAB-SOEP Migrationsstichprobe 2013 wurden, nach Herkunftsgruppen differenziert, Unterschiede zwischen der ersten und zweiten Migrantengeneration bezüglich des Arbeitsmarkterfolgs, operationalisiert durch Erwerbsstatus, Arbeitslosigkeit und Einkommen, betrachtet. Die Analyse der gesamten Stichprobe zeigt, dass die zweite Generation lediglich bezüglich des Einkommens besser gestellt ist. In einer Teilstichprobe, die nur Personen enthält, die ihren höchsten Berufs- oder Bildungsabschluss in Deutschland erhoben haben, ist hingegen die erste Generation hinsichtlich Erwerbsstatus und Arbeitslosigkeit besser gestellt. Lineare und logistische Regressionsanalysen in der Teilstichprobe zeigen keinen signifikanten Effekt des Geburtsortes auf das Einkommen, jedoch einen unerwarteten Effekt auf die Erwerbstätigkeit: Personen mit deutschem Abschluss, die in Deutschland geboren sind (zweite Migrantengeneration), haben eine signifikant geringere Wahrscheinlichkeit erwerbstätig zu sein. Insgesamt wird deutlich, dass eine differenzierte Betrachtung der Migrantenbevölkerung auch unabhängig vom Vergleich zu autochthonen deutschen Bevölkerung sinnvoll und nötig ist.                              Despite of integration efforts, the labor market success of migrants in Germany still lags behind that of the autochthonous German population. Using the IAB-SOEP-Migration Sample 2013, differences between first- and second-generation immigrants in Germany regarding labor market success were investigated. For the analysis, the sample was subdivided into groups based on the country of origin. Labor market success was operationalized through employment status, unemployment and income. The analysis of the whole sample indicates, that the second-generation was only better off regarding income. In a subsample, based only on persons who acquired their highest professional or educational degree in Germany, however, the first generation was better off regarding employment status and unemployment. Linear and logistical regression analyses in the subsample indicated no significant effect of the birth1 place on income, but a surprising effect on employment: persons with a German degree, who are born in Germany (second-generation migrants), have a significantly lower probability of being employed. Overall, the need for a differentiated evaluation of the German migrant population also without a comparison to the autochthonous German population seems to be useful and necessary.","Michael Kostmann. 2015: Arbeitsmarktintegration: spielt der Geburtsort eine Rolle? - Eine empirische Untersuchung mit Daten des SOEP zum Zusammenhang zwischen Geburtsort und Arbeitsmarkterfolg von Migranten in Deutschland. SOEPpapers 759. Berlin: DIW Berlin","32 SOEPpaper","SOEP, IAB-SOEP Migration Sample , SOEP-Core","http://www.diw.de/documents/publikationen/73/diw_01.c.506152.de/diw_sp0759.pdf",,TRUE,FALSE,FALSE,FALSE,"iab-soep"
9313,"Migration und Finanzkrise - Eine quantitative und strukturelle Analyse der Umlenkung von Wanderungsströmen","Herbert Brücker",2015,"Dieser Beitrag untersucht die Auswirkungen der Finanz- und Wirtschaftskrise auf die Migration in Europa und nach Deutschland. Die Krise hat weniger einen Anstieg der Migration aus den unmittelbar betroffenen Ländern als vielmehr eine Umlenkung der Migrationsströme aus den neuen Mitgliedsstaaten der EU in prosperierende Länder wie Deutschland bewirkt. Neue Schätzverfahren, die systematisch den Einfluss wirtschaftlicher Variablen in alternativen Zielländern berücksichtigen, zeigen, dass der überwiegende Anteil des Anstiegs der Migration nach Deutschland auf die Verschlechterung der wirtschaftlichen Bedingungen in anderen Zielländern zurückzuführen ist. Weiterhin zeigen neue Mikrodaten aus der IAB-SOEP-Migrationsstichprobe, dass der Anteil von Personen, die nicht aus ihrem Geburtsland zuwandern, an den Zuzügen seit Beginn der Krise signifikant gestiegen ist. Der Anteil der Personen, der vor dem Zuzug erwerbslos war, hat im Zuge der Krise nicht zugenommen. Allerdings hat sich die durchschnittliche berufliche Qualifikation verschlechtert.                   This paper analyzes the impact of the financial and economic crisis on migration within Europe and towards Germany. The crisis has triggered a diversion of migration flows from the new EU Member States to prospering countries such as Germany rather than a large increase of migration from the mainly affected countries. Novel estimation procedures, which consider systematically conditions in alternative destinations, show that the overwhelming share of the migration surge in Germany can be attributed to the deterioration of economic conditions in alternative destinations. Furthermore, micro data from the new IAB-SOEP migration sample demonstrate that the share of individuals who did not immigrate from their birth countries in all arrivals has significantly increased since the begin of the crisis. The share of individuals, who have been non-employed before their arrival in Germany, has not increased in the course of the crisis. However, average education levels of new arrivals have declined.","Herbert Brücker. 2015: Migration und Finanzkrise - Eine quantitative und strukturelle Analyse der Umlenkung von Wanderungsströmen. Kölner Zeitschrift für Soziologie und Sozialpsychologie (KZfSS) 67 (1), 165-191","02 SSCI Journal","IAB-SOEP Migration Sample",,"10.1007/s11577-015-0320-y",TRUE,FALSE,FALSE,FALSE,"iab-soep"
9474,"Ausgewählte Analysen zum Zusammenhang von Migration und Teilhabe","C. Katharina Spieß, Sabine Walper, Martin Diewald",2016,,"C. Katharina Spieß, Sabine Walper, Martin Diewald. 2016: Ausgewählte Analysen zum Zusammenhang von Migration und Teilhabe, in Wissenschaftlicher Beirat für Familienfragen (ed^.), Migration und Familie: Kindheit mit Zuwanderungshintergrund. Wiesbaden: Springer VS. 129-180","20 Book Section","SOEP, FiD, IAB-SOEP, pairfam, AID , SOEP-Core",,,TRUE,FALSE,FALSE,FALSE,"iab-soep"
9505,"SOEP 2014 – Methodenbericht zum Befragungsjahr 2014 (Welle 2) des IAB-SOEP-Migrationssamples 2013 (M1)","Axel Glemser, Simon Huber",2016,,"Axel Glemser, Simon Huber. 2016: SOEP 2014 – Methodenbericht zum Befragungsjahr 2014 (Welle 2) des IAB-SOEP-Migrationssamples 2013 (M1). SOEP Survey Papers 301: Series B - Survey Reports (Methodenberichte). Berlin: DIW Berlin","35 Other DIW Publication","SOEP-Core  IAB-SOEP Migration Sample","http://hdl.handle.net/10419/129127",,TRUE,FALSE,FALSE,FALSE,"iab-soep"
9690,"Viele Geflüchtete brachten Berufserfahrung mit, aber nur ein Teil einen Berufsabschluss","Elisabeth Liebau, Zerrin Salikutluk",2016,"Schulische und berufliche Qualifikationen spielen eine entscheidende Rolle, wenn es darum geht, Geflüchtete und andere MigrantInnen erfolgreich in die Gesellschaft zu integrieren. Welche Qualifikationen haben MigrantInnen bereits im Herkunftsland erworben, welche in Deutschland? Und in welchem Maße können im Ausland erworbene Abschlüsse in Deutschland anerkannt werden? Mithilfe der IAB-SOEP-Migrationsbefragung lässt sich zeigen, dass der Großteil der in diesem Bericht untersuchten Gruppen von MigrantInnen die schulische Bildung im Ausland abschloss und dort bereits berufliche Erfahrungen sammelte. Nur ein Teil kann jedoch auch formale Berufsabschlüsse vorweisen. Ein Drittel der Geflüchteten und anderer MigrantInnen beantragt die Anerkennung ausländischer Abschlüsse, wobei die Anerkennungsquote aber insbesondere unter den Geflüchteten gering ist. Für MigrantInnen, die ihre Qualifikationen im Herkunftsland erwarben, ist mit Blick auf eine Arbeitsaufnahme in Deutschland entscheidend, dass sie über eine Qualifikation verfügen, die auf dem deutschen Arbeitsmarkt nachgefragt wird. Grundsätzlich sollten sie einerseits die deutsche Sprache erlernen und in andere Bildungsmaßnahmen investieren und andererseits – sofern möglich – ihre schulischen und beruflichen Zertifikate in Deutschland anerkennen lassen.                                  Academic and vocational qualifications play a crucial role when it comes to successfully integrating refugees and other migrants into society. What qualifications did migrants already acquire in their country of origin and which did they obtain in Germany? And to what extent are qualifications gained abroad recognized in Germany? The IAB-SOEP Migration Sample shows that the majority of the migrant groups studied in the present report completed their schooling abroad and already gained professional experience there. However, only a smaller share possess formal vocational qualifications. One-third of refugees and other migrants applied for foreign qualifications to be recognized in Germany. Hoewever, the recognition rate is low for refugees. For migrants to find work in Germany, it is crucial that the qualifications they bring with them are in demand on the German labor market. On the one hand, it is important that they learn German and invest in further training programs, and on the other, they should seek recognition of their academic and vocational certificates in Germany.","Elisabeth Liebau, Zerrin Salikutluk. 2016: Viele Geflüchtete brachten Berufserfahrung mit, aber nur ein Teil einen Berufsabschluss. DIW Wochenbericht 83 (35), 732-740","05 DIW Weekly Report","IAB-SOEP Migration Sample (SOEP v31)","https://www.diw.de/documents/publikationen/73/diw_01.c.541799.de/16-35-3.pdf",,TRUE,FALSE,FALSE,FALSE,"iab-soep"
9691,"Spracherwerb: Geflüchtete schließen zu anderen MigrantInnen nahezu auf","Elisabeth Liebau, Diana Schacht",2016,"Der Erwerb von Deutschkenntnissen wird für die Mehrzahl Geflüchteter zum Schlüssel für eine erfolgreiche Integration. Dies gilt sowohl hinsichtlich des Einstiegs auf den deutschen Arbeitsmarkt, um relevante Bildungszertifikate zu erwerben, als auch für die Teilhabe am gesellschaftlichen Leben. Zu Sprachkenntnissen und Spracherwerb Geflüchteter in Deutschland gibt es bisher jedoch nur wenige Studien. Anhand der IAB-SOEP-Migrationsbefragung des Instituts für Arbeitsmarkt und Berufsforschung (IAB) und des Sozio-oekonomischen Panels (SOEP) können neue Ergebnisse zum Spracherwerb Geflüchteter in Deutschland präsentiert werden. Die Analysen, durchgeführt am DIW Berlin, zeigen Faktoren auf, die mit dem Spracherwerb Geflüchteter in Deutschland, auch im Vergleich zu anderen MigrantInnen, in der Vergangenheit in einem positiven Zusammenhang standen. Geflüchtete verfügten bei ihrer Ankunft in Deutschland meist über keine Deutschkenntnisse. Im Zeitverlauf konnten sie sich jedoch dem Sprachniveau anderer MigrantInnen annähern. Hierbei standen das Alter beim Zuzug und die bisherige Bildungsbiographie der Geflüchteten in einem positiven Zusammenhang mit ihrer Sprachentwicklung. Nach dem Zuzug ging ihr weiterer Spracherwerb mit der Partizipation im deutschen Bildungssystem, einer längeren Aufenthaltsdauer sowie dem häufigen Gebrauch der deutschen Sprache, etwa am Arbeitsplatz, einher.                                 Whether they’re looking to participate in social life, enter the German labor market, or obtain relevant training certificates, learning German is a critical part of integration for the majority of refugees—and yet only a handful of studies have examined their language acquisition patterns and skill levels. The IAB-SOEP Migration Sample, which was collected by the Institute for Employment Research (Institut für Arbeitsmarkt- und Berufsforschung) and the German Socio-Economic Panel (SOEP), offers new findings on German language acquisition among refugees; the present analysis, conducted by DIW Berlin, identifies factors that have been positively correlated with German language acquisition among refugees as well as non-refugee migrants. According to the survey, most refugees did not speak any German upon their arrival in Germany—but with time, they approximated the German language proficiency of Germany’s non-refugee migrants. Positively correlated factors include the refugee’s age at the time of immigration as well as his or her prior educational background. Once they were in Germany, refugees’ fluency improved with time, participation in the German education system, and frequent usage of the language, especially in the workplace.","Elisabeth Liebau, Diana Schacht. 2016: Spracherwerb: Geflüchtete schließen zu anderen MigrantInnen nahezu auf. DIW Wochenbericht 83 (35), 741-748","05 DIW Weekly Report","IAB-SOEP Migration Sample (SOEP v31)","https://www.diw.de/documents/publikationen/73/diw_01.c.541801.de/16-35-4.pdf",,TRUE,FALSE,FALSE,FALSE,"iab-soep"
9692,"Geflüchtete nahmen in Deutschland später eine Erwerbstätigkeit auf als andere MigrantInnen","Zerrin Salikutluk, Johannes Giesecke, Martin Kroh",2016,"Bei der Gruppe der bereits länger in Deutschland lebenden Geflüchteten, die insbesondere zwischen 1990 und 2010 einwanderten, dauerte die Aufnahme einer Erwerbstätigkeit länger als bei anderen MigrantInnen. Das zeigen die Daten des Sozio- oekonomischen Panels (SOEP) und der IAB-SOEP-Migrationsbefragung. Zudemwiesen diese Geflüchteten auch Jahre nach der Zuwanderung eine höhere Erwerbslosenquote auf und erzielten vergleichsweise geringere Einkommen. Auch berichteten Geflüchtete aus bestimmten Herkunftsregionen von beruflichen Tätigkeiten, die oftmals unter ihrem Qualifikationsniveau liegen. Diese Befunde verweisen auf die Bedeutung gezielter Bildungs- und Arbeitsmarktmaßnahmen, um Geflüchtete möglichst gut in den Arbeitsmarkt in Deutschland – und damit in die Gesellschaft – zu integrieren.                                   It has taken longer for refugees who have been living in Germany for some time, particularly those who arrived between 1990 and 2010, to take up gainful employment than other migrants. These findings are based on data from the Socio-Economic Panel (SOEP) and the IAB-SOEP Migration Sample. In addition, these refugees show a higher rate of unemployment and earn lower incomes by comparison even years after arriving in Germany. Refugees from different regions also show a tendency to work in certain occupations and in jobs that are below their skill levels. These findings indicate the importance of targeted educational and labor market measures to facilitate the best possible integration of refugees into the German labor market—and thereby also into German society.","Zerrin Salikutluk, Johannes Giesecke, Martin Kroh. 2016: Geflüchtete nahmen in Deutschland später eine Erwerbstätigkeit auf als andere MigrantInnen. DIW Wochenbericht 83 (35), 749-756","05 DIW Weekly Report","IAB-SOEP Migration Sample (SOEP v31)","https://www.diw.de/documents/publikationen/73/diw_01.c.541803.de/16-35-5.pdf",,TRUE,FALSE,FALSE,FALSE,"iab-soep"
9693,"Die Hälfte der Geflüchteten in Deutschland fand ihre erste Stelle über soziale Kontakte","Philipp Eisnecker, Diana Schacht",2016,"In Deutschland finden die meisten Personen über FreundInnen, Bekannte und Verwandte eine Beschäftigung, wenn sie erstmals in den Arbeitsmarkt einsteigen oder ihre Anstellung wechseln. Dies gilt auch für MigrantInnen und deren Nachkommen. Geflüchtete in den Arbeitsmarkt einzugliedern wird als besonders wichtig für ihre Integration angesehen. Dennoch ist wenig über die Art und Weise bekannt, wie sie Stellen finden. In diesem Beitrag werden deshalb Daten der IAB-SOEP-Migrationsbefragung ausgewertet. Zum Vergleich werden dabei zwei Gruppen herangezogen, die aus anderen Gründen nach Deutschland gekommen sind – ArbeitsmigrantInnen und FamiliennachzüglerInnen. Die Analysen zeigen, dass etwa die Hälfte der Geflüchteten ihre erste Stelle über FreundInnen, Bekannte oder Verwandte gefunden hat. Auch formelle Wege, wie Stellenanzeigen und die Arbeitsagenturen, spielten eine wichtige Rolle. Geflüchtete, die ihre Beschäftigung über persönliche Beziehungen fanden, besaßen vor der Migration tendenziell seltener Deutschkenntnisse und häufiger Kontakte in Deutschland. Die Ergebnisse zeigen auch, dass Geflüchtete, die über informelle Wege erfolgreich waren, ihre Erstanstellung schneller fanden und häufiger in Vollzeit arbeiteten, verglichen mit denen, die ihre erste Stelle auf formellem Wege fanden.                                     In Germany, the majority of people tend to find work through friends, acquaintances, and relatives when they first enter the labor market or switch jobs. The same applies to immigrants and their offspring. Integrating refugees into the labor market is considered crucial to their overall integration into society, yet little is known about how they land their first jobs. The present paper attempts to bridge this gap by analyzing IAB-SOEP Migration Sample data on two reference groups comprised of individuals that came to Germany for different reasons: labor migrants and family migrants. The analyses show that roughly half of the refugees found their first job through friends, relatives, or acquaintances. Formal channels such as job advertisements and the Federal Employment Agency also played a key role. Refugees who found employment through personal contacts were generally less likely to have any knowledge of German and more likely to have had contacts in Germany prior to immigration. The findings also show that refugees who acquired work through informal channels found their first job faster and were more likely to work full-time compared to those who found their first job through formal channels.","Philipp Eisnecker, Diana Schacht. 2016: Die Hälfte der Geflüchteten in Deutschland fand ihre erste Stelle über soziale Kontakte. DIW Wochenbericht 83 (35), 757-764","05 DIW Weekly Report","IAB-SOEP Migration Sample (SOEP v31)","https://www.diw.de/documents/publikationen/73/diw_01.c.541805.de/16-35-6.pdf",,TRUE,FALSE,FALSE,FALSE,"iab-soep"
9694,"Kinder und Jugendliche mit Fluchthintergrund nutzen freiwillige Bildungsangebote seltener – mit Ausnahme der Schul-AGs","C. Katharina Spieß, Franz Westermaier, Jan Marcus",2016,"Nicht verpflichtende Bildungsangebote wie die Teilnahme an Schul-AGs, der Besuch von Kindertageseinrichtungen (Kitas) und die Nutzung von non-formalen Bildungsangeboten wie außerschulische Sport- oder Musikaktivitäten spielen eine wichtige Rolle bei der Integration in eine Gesellschaft. Doch inwieweit nehmen Kinder und deren Familien die freiwilligen Angebote auch in Anspruch? Dieser Frage geht der vorliegende Bericht auf Basis des Sozio-oekonomischen Panels (SOEP) und der gemeinsamen Migrationsbefragung des SOEP und des Instituts für Arbeitsmarkt- und Berufsforschung (IAB) erstmals speziell für solche Kinder nach, die einen Fluchthintergrund haben. Die Studie zeigt, dass Kinder von Geflüchteten einzelne freiwillige Angebote wie Schul-AGs genauso häufig oder sogar häufiger in Anspruch nehmen als andere Kinder. Allerdings besuchen sie, insbesondere wenn sie jünger als drei Jahre sind, seltener eine Eltern-Kind-Gruppe oder eine Kita. Im Schulalter nehmen sie sowohl in der Grundschule als auch in der Sekundarstufe zudem seltener an sportlichen Aktivitäten außerhalb der Schule teil. Integrationsbemühungen sollten daher auch diese außerschulischen Aktivitäten in den Fokus nehmen und zielgerichtet Kinder, Jugendliche und deren Familien adressieren. Bei den schulischen Arbeitsgemeinschaften wurde schon viel erreicht – dieses Potential gilt es zu nutzen und weiterhin zu fördern.                                     Non-compulsory educational programs including extracurricular school activities, child day care centers, and non-formal educational programs, such as sports or music activities outside of school, make an important contribution to social integration. But to what extent do children and their families actually make use of these voluntary programs? On the basis of the Socio-Economic Panel (SOEP) and the joint migration survey of the SOEP and the Institute for Employment Research (IAB), the present report seeks to address this question for the first time with a specific focus on children with a refugee background. The study shows that these children participate in some voluntary educational activities such as extracurricular school activities just as frequently as or even more frequently than other children. However, they are less likely to participate in a parent-child group or to attend a day care center, particularly those under the age of three, than their peers. Further, at both primary and secondary school age, children of refugees participate less often in sports activities outside of school. Efforts to integrate those with a refugee background should therefore also focus on these non-formal educational activities held outside of school and specifically target these children, adolescents, and their families. When it comes to extracurricular school activities, however, a great deal has already been achieved—it is important that we make full use of and continue to tap into this potential.","C. Katharina Spieß, Franz Westermaier, Jan Marcus. 2016: Kinder und Jugendliche mit Fluchthintergrund nutzen freiwillige Bildungsangebote seltener – mit Ausnahme der Schul-AGs. DIW Wochenbericht 83 (35), 765-773","05 DIW Weekly Report","IAB-SOEP Migration Sample (SOEP v31)","https://www.diw.de/documents/publikationen/73/diw_01.c.541807.de/16-35-7.pdf",,TRUE,FALSE,FALSE,FALSE,"iab-soep"
9816,"Menschen mit Migrationshintergrund zahlen elf Euro mehr Miete pro Monat","Tim Winke",2016,"Seit 2006 gilt in Deutschland das Allgemeine Gleichbehandlungsgesetz – auch für den Wohnungsmarkt. Die vorliegenden Berechnungen auf Basis des Sozio-oekonomischen Panels zeigen jedoch, dass Mieterinnen und Mieter mit Migrationshintergrund deutschlandweit im Jahr 2013 durchschnittlich knapp elf Euro höhere Mieten pro Monat zahlten als Haushalte ohne Migrationshintergrund. Und das, obwohl ihre Wohnungen im Schnitt über weniger Zimmer pro Personverfügten und in Nachbarschaften mit höherer Arbeitslosigkeit sowie geringerer Kaufkraft lagen. Mit Hilfe einer Dekompositionsmethode werden die empirischen Hintergründe der Mietpreisdifferenz aufgezeigt. Ein Teil dieser mietpreisbenachteiligung lässt sich so auf Faktoren wie kürzere Wohndauer und dem meist städtischen Kontext zurückzuführen. Trotz Berücksichtigung dieser strukturellen Wohnunterschiede bleibt ein Großteil der Mietpreisdifferenz jedoch statistisch unerklärt. Das Ergebnis deutet auf Einschränkungen beim Zugang zu günstigem Wohnraum für Menschen mit Migrationshintergrund hin. Bei direkter Befragung berichten Wohnungssuchende aus muslimischen Ländern und demehemaligen Jugoslawien besonders häufig von Diskriminierungserlebnissen. Eine Nachbesserung des Allgemeinen Gleichbehandlungsgesetzes und die Förderung einer Antidiskriminierungskultur im Wohnungsmarkt könnten Benachteiligungen vorbeugen und besonders im Hinblick auf die Integration von Geflüchteten sinnvoll sein.                               Since 2006, Germany’s General Act on Equal Treatment (Allgemeines Gleichbehandlungsgesetz, AGG) has been in effect – and the measure also includes tenants’ rights in the housing market. According to 2013 data from the Socio- Economic Panel, however, tenants with migration backgrounds were paying nearly 11 euros more per month, on average, than those without – even though their apartments averaged fewer rooms per person and tended to be in neighborhoods with higher unemployment levels and lower purchasing power. Using the decomposition method, this report illustrates the empirical background of the difference in rental prices. The differences can partially be attributed to the fact that people with migration backgrounds tend to be concentrated in urban areas and remain in their apartments for shorter amounts of time – but even when these structural differences are taken in account, the rental price difference remains unexplained at the statistical level. Our findings suggest that people with migration backgrounds are not always given access to favorable housing, and in a direct survey, apartment seekers from Muslim countries and former Yugoslavia were indeed more likely to report being discriminated against. Improving the AGG and promoting a culture of antidiscrimination in the housing market could prevent these patterns – a shift that is also of paramount importance when it comes to integrating refugees.","Tim Winke. 2016: Menschen mit Migrationshintergrund zahlen elf Euro mehr Miete pro Monat. DIW Wochenbericht 83 (47), 1133-1143","05 DIW Weekly Report","SOEP v31, IAB-SOEP Migration Sample","http://www.diw.de/documents/publikationen/73/diw_01.c.547530.de/16-47-3.pdf",,TRUE,FALSE,FALSE,FALSE,"iab-soep"
9932,"Investitionen in die Integration der Flüchtlinge lohnen sich","Stefan Bach, Herbert Brücker, Peter Haan, Agnese Romiti, Kristina van Deuverden, Enzo Weber",2017,"Die Zuwanderung von Flüchtlingen verursacht zunächst erhebliche fiskalische Kosten. Mit zunehmender Integration in den Arbeitsmarkt verringern sich die laufenden Kosten und es entstehen zusätzliche Einnahmen für die öffentlichen Haushalte. Vor diesem Hintergrund haben IAB und DIW Berlin gemeinsam in einem vom Bundesministerium für Arbeit und Soziales finanzierten Forschungsprojekt untersucht, wie sich Investitionen in die Arbeitsmarktintegration der 2015 zugewanderten Flüchtlinge gesamtwirtschaftlich und fiskalisch auswirken können. Es zeigt sich, dass Investitionen in Sprachkompetenz und Bildungsabschlüsse der Flüchtlinge langfristig hohe Renditen erwarten lassen.                                         The initial fiscal costs associated with refugee integration are quite high – but as more and more refugees join the labor force, a reduction in ongoing welfare costs and an increase in government revenue will result. Against this background, the Institute for Employment Research (IAB) in Nuremberg and DIW Berlin conducted a joint investigation (funded by the German Federal Ministry of Labor and Social Affairs) on the overall economic and fiscal impacts of investing in the labor market integration of the refugees who arrived in Germany in 2015. The study shows that investing in refugees’ language skills and educational qualifications promise high returns.","Stefan Bach, Herbert Brücker, Peter Haan, Agnese Romiti, Kristina van Deuverden, Enzo Weber. 2017: Investitionen in die Integration der Flüchtlinge lohnen sich. DIW Wochenbericht 84 (3), 47-58","05 DIW Weekly Report","IAB-SOEP Migration Sample","http://diw.de/documents/publikationen/73/diw_01.c.550525.de/17-3-1.pdf",,TRUE,FALSE,FALSE,FALSE,"iab-soep"
9946,"Abschätzung von Effekten der Integration von Flüchtlingen: Kurzexpertise für das Bundesministerium für Arbeit und Soziales","Stefan Bach, Peter Haan, Kristina van Deuverden, Björn Fischer, Herbert Brücker, Agnese Romiti, Enzo Weber",2017,,"Stefan Bach, Peter Haan, Kristina van Deuverden, Björn Fischer, Herbert Brücker, Agnese Romiti, Enzo Weber. 2017: Abschätzung von Effekten der Integration von Flüchtlingen: Kurzexpertise für das Bundesministerium für Arbeit und Soziales. DIW Berlin: Politikberatung kompakt Nr. 117. Berlin: DIW Berlin","35 Other DIW Publication","IAB-SOEP Migration Sample","http://diw.de/documents/publikationen/73/diw_01.c.550297.de/diwkompakt_2017-117.pdf",,TRUE,FALSE,FALSE,FALSE,"iab-soep"
9951,"Die Integration Geflüchteter – Erkenntnisse aus der Vergangenheit: Editorial","Philipp Eisnecker, Johannes Giesecke, Martin Kroh, Elisabeth Liebau, Jan Marcus, Zerrin Salikutluk, Diana Schacht, C. Katharina Spieß, Franz Westermaier",2016,,"Philipp Eisnecker, Johannes Giesecke, Martin Kroh, Elisabeth Liebau, Jan Marcus, Zerrin Salikutluk, Diana Schacht, C. Katharina Spieß, Franz Westermaier. 2016: Die Integration Geflüchteter – Erkenntnisse aus der Vergangenheit: Editorial. DIW Wochenbericht 83 (35), 727-730","05 DIW Weekly Report","SOEP v31, IAB-SOEP Migration Sample","http://diw.de/documents/publikationen/73/diw_01.c.541795.de/16-35-1.pdf",,TRUE,FALSE,FALSE,FALSE,"iab-soep"
9991,"Erhebungsinstrumente des IAB-SOEP-Migrationssamples 2016: Haushaltsfragebogen, Stichproben M1-M2","TNS Infratest Sozialforschung",2016,,"TNS Infratest Sozialforschung. 2016: Erhebungsinstrumente des IAB-SOEP-Migrationssamples 2016: Haushaltsfragebogen, Stichproben M1-M2. SOEP Survey Papers 357: Series A - Survey Instruments (Erhebungsinstrumente). Berlin: DIW Berlin","35 Other DIW Publication","SOEP-Core  IAB-SOEP Migration Sample","http://hdl.handle.net/10419/148954",,TRUE,FALSE,FALSE,FALSE,"iab-soep"
9992,"Erhebungsinstrumente des IAB-SOEP-Migrationssamples 2016: Personenfragebogen (Wiederbefragte), Stichproben M1-M2","TNS Infratest Sozialforschung",2016,,"TNS Infratest Sozialforschung. 2016: Erhebungsinstrumente des IAB-SOEP-Migrationssamples 2016: Personenfragebogen (Wiederbefragte), Stichproben M1-M2. SOEP Survey Papers 358: Series A - Survey Instruments (Erhebungsinstrumente). Berlin: DIW Berlin","35 Other DIW Publication","SOEP-Core  IAB-SOEP Migration Sample","http://hdl.handle.net/10419/148955",,TRUE,FALSE,FALSE,FALSE,"iab-soep"
9993,"Erhebungsinstrumente des IAB-SOEP-Migrationssamples 2016: Jugendfragebogen, Stichproben M1-M2","TNS Infratest Sozialforschung",2016,,"TNS Infratest Sozialforschung. 2016: Erhebungsinstrumente des IAB-SOEP-Migrationssamples 2016: Jugendfragebogen, Stichproben M1-M2. SOEP Survey Papers 359: Series A - Survey Instruments (Erhebungsinstrumente). Berlin: DIW Berlin","35 Other DIW Publication","SOEP-Core  IAB-SOEP Migration Sample","http://hdl.handle.net/10419/148956",,TRUE,FALSE,FALSE,FALSE,"iab-soep"
9994,"Erhebungsinstrumente des IAB-SOEP-Migrationssamples 2016: Integrierter Personen- und Biografiefragebogen (Erstbefragte 2016), Stichproben M1-M2","TNS Infratest Sozialforschung",2016,,"TNS Infratest Sozialforschung. 2016: Erhebungsinstrumente des IAB-SOEP-Migrationssamples 2016: Integrierter Personen- und Biografiefragebogen (Erstbefragte 2016), Stichproben M1-M2. SOEP Survey Papers 360: Series A - Survey Instruments (Erhebungsinstrumente). Berlin: DIW Berlin","35 Other DIW Publication","SOEP-Core  IAB-SOEP Migration Sample","http://hdl.handle.net/10419/148957",,TRUE,FALSE,FALSE,FALSE,"iab-soep"
10000,"Erhebungsinstrumente des IAB-SOEP-Migrationssamples 2015: Integrierter Personen-Biografiefragebogen, Stichprobe M1, Erstbefragte","TNS Infratest Sozialforschung",2016,,"TNS Infratest Sozialforschung. 2016: Erhebungsinstrumente des IAB-SOEP-Migrationssamples 2015: Integrierter Personen-Biografiefragebogen, Stichprobe M1, Erstbefragte. SOEP Survey Papers 366:  Series A - Survey Instruments (Erhebungsinstrumente). Berlin: DIW Berlin","35 Other DIW Publication","SOEP-Core  IAB-SOEP Migration Sample","http://hdl.handle.net/10419/148959",,TRUE,FALSE,FALSE,FALSE,"iab-soep"
10001,"Erhebungsinstrumente des IAB-SOEP-Migrationssamples 2015: Haushaltsfragebogen, Stichprobe M1","TNS Infratest Sozialforschung",2016,,"TNS Infratest Sozialforschung. 2016: Erhebungsinstrumente des IAB-SOEP-Migrationssamples 2015: Haushaltsfragebogen, Stichprobe M1. SOEP Survey Papers 367:  Series A - Survey Instruments (Erhebungsinstrumente). Berlin: DIW Berlin","35 Other DIW Publication","SOEP-Core  IAB-SOEP Migration Sample","http://hdl.handle.net/10419/148960",,TRUE,FALSE,FALSE,FALSE,"iab-soep"
10002,"Erhebungsinstrumente des IAB-SOEP-Migrationssamples 2015: Integrierter Personen-Biografiefragebogen, Stichprobe M2, Erstbefragte","TNS Infratest Sozialforschung",2016,,"TNS Infratest Sozialforschung. 2016: Erhebungsinstrumente des IAB-SOEP-Migrationssamples 2015: Integrierter Personen-Biografiefragebogen, Stichprobe M2, Erstbefragte. SOEP Survey Papers 368:  Series A - Survey Instruments (Erhebungsinstrumente). Berlin: DIW Berlin","35 Other DIW Publication","SOEP-Core  IAB-SOEP Migration Sample","http://hdl.handle.net/10419/148961",,TRUE,FALSE,FALSE,FALSE,"iab-soep"
10003,"Erhebungsinstrumente des IAB-SOEP-Migrationssamples 2015: Haushaltsfragebogen, Stichprobe M2","TNS Infratest Sozialforschung",2016,,"TNS Infratest Sozialforschung. 2016: Erhebungsinstrumente des IAB-SOEP-Migrationssamples 2015: Haushaltsfragebogen, Stichprobe M2. SOEP Survey Papers 369:  Series A - Survey Instruments (Erhebungsinstrumente). Berlin: DIW Berlin","35 Other DIW Publication","SOEP-Core  IAB-SOEP Migration Sample","http://hdl.handle.net/10419/148962",,TRUE,FALSE,FALSE,FALSE,"iab-soep"
10004,"Erhebungsinstrumente des IAB-SOEP-Migrationssamples 2015: Jugendfragebogen, Stichprobe M1","TNS Infratest Sozialforschung",2016,,"TNS Infratest Sozialforschung. 2016: Erhebungsinstrumente des IAB-SOEP-Migrationssamples 2015: Jugendfragebogen, Stichprobe M1. SOEP Survey Papers 370:  Series A - Survey Instruments (Erhebungsinstrumente). Berlin: DIW Berlin","35 Other DIW Publication","SOEP-Core  IAB-SOEP Migration Sample","http://hdl.handle.net/10419/148963",,TRUE,FALSE,FALSE,FALSE,"iab-soep"
10133,"IAB-SOEP Migrationsstichprobe verknüpft mit administrativen Daten des IAB * Version 1 (IAB-SOEP-MIG-ADIAB 7514, Version 1)","Parvati Trübswetter, Tanja Fendel",2016,"Dieser Datenreport beschreibt die verknüpften Befragungsdaten der IAB-SOEP Migrationsstichprobe mit administrativen Daten des Instituts für Arbeitsmarkt- und Berufsforschung (IAB).","Parvati Trübswetter, Tanja Fendel. 2016: IAB-SOEP Migrationsstichprobe verknüpft mit administrativen Daten des IAB * Version 1 (IAB-SOEP-MIG-ADIAB 7514, Version 1). FDZ- Datenreport 11/2016. Nürnberg: Forschungsdatenzentrum (FDZ) der Bundesagentur für Arbeit (BA) im Institut für Arbeitsmarkt- und Berufsforschung (IAB)","33 Other Grey Literature","IAB-SOEP, SOEP , SOEP-Core","http://doku.iab.de/fdz/reporte/2016/DR_11-16.pdf",,TRUE,FALSE,FALSE,FALSE,"iab-soep"
11131,"SOEP-Metafile.do – ein Stata-Do-File zur Generierung eines Metafiles zu den SOEP-Daten","Klaudia Erhardt",2018,,"Klaudia Erhardt. 2018: SOEP-Metafile.do – ein Stata-Do-File zur Generierung eines Metafiles zu den SOEP-Daten. SOEP Survey Papers 534: Series G - General Issues and Teaching Materials. Berlin: DIW Berlin / SOEP","35 Other DIW Publication","SOEP-Core, IAB-SOEP Migration Sample","http://www.diw.de/documents/publikationen/73/diw_01.c.593344.de/diw_ssp0534.pdf",,TRUE,FALSE,FALSE,FALSE,"iab-soep"
10122,"Erhebungsinstrumente des IAB-SOEP-Migrationssamples 2015: Personenfragebogen (Wiederbefragte), Stichprobe M1","TNS Infratest Sozialforschung",2017,,"TNS Infratest Sozialforschung. 2017: Erhebungsinstrumente des IAB-SOEP-Migrationssamples 2015: Personenfragebogen (Wiederbefragte), Stichprobe M1. SOEP Survey Papers 426: Series A - Survey Instruments (Erhebungsinstrumente). Berlin: DIW Berlin","35 Other DIW Publication","SOEP-Core  IAB-SOEP Migration Sample","http://panel.gsoep.de/soep-docs/surveypapers/diw_ssp0426.pdf",,TRUE,FALSE,FALSE,FALSE,"iab-soep"
10195,"Erhebungsinstrumente des IAB-SOEP-Migrationssamples 2015: Übersetzungshilfen","TNS Infratest Sozialforschung",2017,,"TNS Infratest Sozialforschung. 2017: Erhebungsinstrumente des IAB-SOEP-Migrationssamples 2015: Übersetzungshilfen. SOEP Survey Papers 427: Series A - Survey Instruments (Erhebungsinstrumente). Berlin: DIW Berlin","35 Other DIW Publication","SOEP-Core  IAB-SOEP Migration Sample","http://hdl.handle.net/10419/156111",,TRUE,FALSE,FALSE,FALSE,"iab-soep"
